project_name,phantoms_allocation,median_score,adjusted_score,final_score
Aave,115297.99454133182,112349.9,122748.9,122748.9
Alchemix,2669.706396981451,1675.2,1830.2,1830.2
Biconomy,10672.65686329206,9138.1,9983.9,9983.9
0x Protocol,289821.31827570737,280258.3,306198.7,306198.7
CreateMyToken,0.270283884119696,0.2,0.2,0.2
Poster,1.4021253145580463,1.0,1.1,1.1
Loot2,16380.132799854875,14973.5,16359.4,16359.4
Wombat Exchange,3726.6386548214364,2598.1,2838.6,2838.6
Ethereum Attestation Service (EAS),38843.77854382216,36522.1,39902.6,39902.6
Wormhole Foundation,24346.75388957304,21630.1,23632.2,23632.2
$ENJOY,37502.251879188916,34104.9,37261.6,37261.6
/send,1254.8008199782682,1074.4,1173.8,1173.8
3DNS,5669.63140446023,4937.9,5394.9,5394.9
Account Abstraction - ERC-4337,222942.78494097956,176452.4,192784.7,192784.7
Across Protocol,61882.27857171704,59427.2,64927.7,64927.7
Aerodrome Finance,182879.71913982168,164715.6,179961.5,179961.5
Alien Base,29126.310436174277,25700.5,28079.3,28079.3
Ambire,121.64960373665774,88.4,96.5,96.5
Aragon,1670.8380387175737,1185.5,1295.3,1295.3
Arcadia Finance,5254.76422364308,4603.6,5029.7,5029.7
Archly,565.7921436717207,367.1,401.1,401.1
Astaria,3806.307025194983,1854.2,2025.8,2025.8
Aura Finance,7827.868237595003,6519.7,7123.2,7123.2
Avantis,32705.849244923396,29386.3,32106.3,32106.3
BLOCKS,33646.12671548175,31117.1,33997.3,33997.3
BMX by Morphex,19899.120509957822,15920.0,17393.5,17393.5
BSX,12420.755513313869,10832.4,11835.0,11835.0
Balancer,43132.17379805353,39916.1,43610.6,43610.6
Base Runners,2022.0405374270788,737.1,805.3,805.3
Base on Rarible,3148.7538577676264,2547.3,2783.1,2783.1
BaseDoge,2195.9769133865307,964.5,1053.8,1053.8
BaseSwap,50873.41706896688,46255.4,50536.8,50536.8
Based Bodega,127.32474406732139,102.3,111.8,111.8
Based Onchain Cubes,268.1362416289109,204.6,223.5,223.5
Based Onchain Dinos,3487.029049205398,1543.6,1686.4,1686.4
Based Onchain Punks,1968.159071489492,628.6,686.8,686.8
Basepaint,61536.01302542132,56828.9,62088.9,62088.9
Basic Dog Meme,4309.782448795877,2775.6,3032.5,3032.5
Beam,291.7076160494823,187.2,204.6,204.6
Beefy,27008.30983459252,24505.7,26773.9,26773.9
Blob Farm,6644.298651795123,5662.4,6186.5,6186.5
Bodhi,3939.237008536527,2762.9,3018.6,3018.6
Boost,117176.32541866855,112724.2,123157.8,123157.8
Bored Town,23768.28114959918,22145.8,24195.6,24195.6
Builder Protocol,28164.91286186411,25170.3,27500.0,27500.0
Building Blocks,1876.8515735903811,680.0,742.9,742.9
Catalog Radio,22052.72608287332,19904.6,21746.9,21746.9
Circle.tech,7639.914919850456,6645.3,7260.4,7260.4
Clipper DEX,4809.825612790078,3606.3,3940.1,3940.1
Coinvise,34230.37976179213,32207.7,35188.8,35188.8
Compound Finance,53895.904183023566,50166.0,54809.3,54809.3
Coordinape,15371.600756520747,11732.1,12818.0,12818.0
Copin.io,6066.274070257968,4273.0,4668.5,4668.5
Crowdmuse,4636.377964108439,3337.2,3646.1,3646.1
Crypto Composite,3389.9867543926484,1281.7,1400.3,1400.3
CyberConnect Protocol,44511.06677635117,40145.2,43861.0,43861.0
Cygnus Finance,1453.478891720776,931.1,1017.2,1017.2
DackieNFT,5588.570253461836,4983.4,5444.7,5444.7
DackieSwap,15732.193077737555,14853.6,16228.4,16228.4
Daimo,3001.0515922388854,2347.9,2565.2,2565.2
DappLearning ZK redpacket,410.80437137500866,304.4,332.6,332.6
DappRadar,484.25265405851405,311.7,340.6,340.6
Decent.xyz,52838.9440379376,50812.6,55515.7,55515.7
DefiLlama,7819.980338928652,7478.3,8170.4,8170.4
Dmail Network,126333.11718977694,119517.2,130579.6,130579.6
Drakula.app,3565.4329230307685,2201.8,2405.6,2405.6
Egg Wars: A Game on Base,1188.0577299932625,998.2,1090.5,1090.5
Equalizer,14186.794230950996,12973.8,14174.6,14174.6
EthXY,14032.501669413314,12717.7,13894.8,13894.8
Ethos Reserve,3148.662325365053,2230.7,2437.2,2437.2
Exactly Protocol,7993.501270540865,6575.3,7183.9,7183.9
Extra Finance,50996.19104057946,45147.7,49326.6,49326.6
Fractal Visions,549.7703646229688,461.8,504.5,504.5
Gamma,24503.66890458183,21953.1,23985.1,23985.1
Gangster Arena,3070.3885165687507,2526.4,2760.3,2760.3
Get Mint,8941.502171928167,8158.3,8913.4,8913.4
Gitcoin,30657.682837067565,27394.2,29929.8,29929.8
Gitcoin Passport,57758.343073640914,53458.0,58406.1,58406.1
Giveth,6919.017501808969,2647.6,2892.7,2892.7
Glo Dollar,1098.3901569772088,698.7,763.4,763.4
Gloom,25606.094538954014,21982.4,24017.1,24017.1
Guac (Farcaster),15459.323441732226,14312.5,15637.3,15637.3
Guild.xyz,21079.5735591298,19177.2,20952.2,20952.2
HOMES,4473.386544751163,2795.8,3054.5,3054.5
Ham,24398.352962640587,21825.9,23846.1,23846.1
Harvest Finance,8353.15977395127,5672.2,6197.3,6197.3
Hats Protocol,7337.045436077998,3011.0,3289.7,3289.7
Hedgey,23038.897904017827,20816.6,22743.4,22743.4
Highlight,67692.43595140609,62972.5,68801.2,68801.2
Holograph Foundation,93897.79076761327,91109.1,99542.0,99542.0
Hyperlane,36084.31322643978,30325.6,33132.5,33132.5
Hypersub,20465.61239047436,18193.0,19876.9,19876.9
INT,617.3869991256983,511.6,559.0,559.0
Idle,4174.688218248954,2927.7,3198.7,3198.7
Infusion,4714.513121211565,3754.6,4102.1,4102.1
IntentX,1426.5679652599536,1055.6,1153.3,1153.3
Ionic Protocol,118098.84504645829,112678.7,123108.1,123108.1
Ironclad Finance,28005.279320721707,26448.2,28896.2,28896.2
Keng Lernitas,10203.824340704094,9083.4,9924.1,9924.1
Kim Exchange,100243.44287864071,89391.3,97665.3,97665.3
Kiwi News,5251.290890153312,3889.1,4249.1,4249.1
Kwenta,150610.4534981376,133511.5,145869.1,145869.1
L2Pass,23605.15440703413,21319.8,23293.1,23293.1
LI.FI,421732.7501982565,395922.0,432568.1,432568.1
Layer3,726651.2925206361,668935.6,730851.6,730851.6
LayerZero,144909.49279488766,124796.3,136347.3,136347.3
Let's Get HAI,16359.786250056848,13586.7,14844.3,14844.3
Lido Finance,14450.952795047526,12835.3,14023.3,14023.3
Linkdrop,13804.356049616847,10091.0,11025.0,11025.0
Liquidify,3272.548061819666,1995.1,2179.8,2179.8
LlamaPay,786.5943137448098,623.3,680.9,680.9
LogX,65468.101917294865,60527.9,66130.3,66130.3
MYSTCL ($MYST),5607.270340669501,5023.7,5488.7,5488.7
Manifold,69725.25734873916,66589.9,72753.4,72753.4
Maverick Protocol,68229.00213665291,64167.9,70107.3,70107.3
Metronome,9435.055626611767,6725.9,7348.4,7348.4
MiniBridge,18971.639095124774,17691.4,19328.9,19328.9
Mintify,3015.6896616982954,2183.5,2385.6,2385.6
Mochimons,2989.2814457347254,2085.8,2278.8,2278.8
ModeChat.xyz | Onchain Social on Mode,13362.456461276031,10609.1,11591.1,11591.1
Moonwell,66729.22762029234,64059.2,69988.5,69988.5
Morkie,8375.810781202372,7699.8,8412.5,8412.5
Multicall3,54336.17871746787,48404.0,52884.3,52884.3
Multicaller,44671.091658034995,37021.8,40448.5,40448.5
NFT HOOK,23535.590065971526,20702.8,22619.0,22619.0
NFTs2Me,78727.91207967498,75429.3,82410.9,82410.9
NiftyKit,9385.745218479018,8915.0,9740.1,9740.1
Nogem,6199.059510892548,5295.5,5785.6,5785.6
Noggles ($NOGS),7716.425942963085,6057.6,6618.3,6618.3
ODOS,293835.9048874357,281095.8,307113.7,307113.7
ORA Onchain AI Oracle on Optimism,2588.4992019748784,1803.8,1970.8,1970.8
Oku Trade,2066.5146056244057,721.7,788.4,788.4
Omni X,18592.39462738669,16228.0,17730.1,17730.1
OmniHub,6083.136453415551,4970.5,5430.6,5430.6
Omnisea,12934.885287603982,11404.1,12459.7,12459.7
Onchain Blobs - Randomly generated onchain blobs minted via a Farcaster frame,6962.181051217653,5327.5,5820.6,5820.6
OpenOcean,40898.44775254915,36557.5,39941.2,39941.2
Opti.Domains,10097.839585685826,7140.1,7801.0,7801.0
OptiChads NFT Community,5147.147997755552,3699.2,4041.6,4041.6
Orderly Network,36853.438155070915,33652.8,36767.7,36767.7
Overnight Finance,33021.04712334935,27550.2,30100.2,30100.2
Owlto Finance,46443.61608511399,43637.0,47676.0,47676.0
PAWS Wildlife Room Onchain Vote in a Frame,4365.552552470447,2604.1,2845.1,2845.1
PRINT3R,7786.699964977973,6639.7,7254.2,7254.2
ParaSwap,45864.06442958433,42984.2,46962.8,46962.8
Paragraph,61223.93699759214,57184.3,62477.2,62477.2
Party.app + Party Protocol,121059.30115516877,114290.8,124869.5,124869.5
Perp V2 - Curie,151164.46368953332,126038.0,137703.9,137703.9
Pheasant Network,6923.563335840292,5864.8,6407.6,6407.6
Phi,31593.058115262174,29649.9,32394.3,32394.3
Pika Protocol,12057.091560648789,11147.8,12179.6,12179.6
PiraNFT,2285.4477562224833,1070.7,1169.8,1169.8
Pixotchi,4743.740391433254,3535.4,3862.7,3862.7
Polynomial Trade,11761.823445453314,11084.7,12110.6,12110.6
PoolTogether,15653.842590070992,13733.7,15004.8,15004.8
Portals,3667.2349616237407,3186.4,3481.3,3481.3
Preon Finance,1314.2961333766696,814.7,890.2,890.2
Pyth Network,1205.3375965474663,897.1,980.2,980.2
QiDao - Mai.Finance,4947.396760734206,4093.5,4472.3,4472.3
RMRK,5003.954322696942,3468.8,3789.8,3789.8
Rainbow (Rainbow Router),103542.20943383944,95159.8,103967.7,103967.7
Receipts,4746.188213705847,3539.3,3866.9,3866.9
Reserve Protocol,25602.63301385436,23166.2,25310.5,25310.5
Revert,9528.951744001048,7253.6,7925.0,7925.0
Router Protocol,19727.67443702685,18830.4,20573.3,20573.3
RubyScore,57052.66600378777,53015.7,57922.8,57922.8
Sablier,489.91216302202713,407.7,445.4,445.4
Scry Protocol,4369.024294608418,3082.6,3368.0,3368.0
Seamless Protocol,109470.08220991527,105600.0,115374.2,115374.2
Sequence,922.1041220028853,571.7,624.6,624.6
Slice,15815.946959697769,13419.5,14661.6,14661.6
Slugs,5903.17148617113,4928.7,5384.9,5384.9
Smol,37098.91508123788,32991.0,36044.7,36044.7
Sonne Finance,40757.93322379233,36802.9,40209.4,40209.4
Sound.xyz,246060.66082430878,229819.6,251091.5,251091.5
Speedtracer,18675.45425698788,15908.4,17380.9,17380.9
Splits,22516.460620082493,18324.5,20020.6,20020.6
Stargate Finance,343959.66937628784,333959.3,364870.2,364870.2
Streameth,6428.36501152675,4917.9,5373.1,5373.1
Sturdy,23277.506663363853,18931.1,20683.3,20683.3
Summer.fi,2622.3845950250366,1874.0,2047.4,2047.4
Superfluid,36478.43332987898,34655.8,37863.5,37863.5
Supswap,47133.77361335188,42924.0,46897.0,46897.0
Sushiswap,147695.4364301351,139817.8,152759.2,152759.2
SwapBased,23568.874479556587,21198.1,23160.2,23160.2
SwapMode,34325.06643557932,31501.2,34416.9,34416.9
Synapse Protocol,114964.91091583516,109664.8,119815.3,119815.3
Synonym Finance,1990.1481686186673,589.3,643.8,643.8
Synthetix,245529.24306893727,208304.6,227585.1,227585.1
TITLES,12255.072216236837,11178.9,12213.6,12213.6
TLX,7544.598104777705,6452.1,7049.3,7049.3
Talent Protocol,90.55179827729505,68.1,74.4,74.4
Tarot,73962.46230541788,63288.6,69146.5,69146.5
Thales Protocol,46066.61770300074,43752.3,47802.0,47802.0
The Open X Project,4679.256496313141,3688.8,4030.2,4030.2
Tiny Based Frogs,476.80501208216344,389.1,425.1,425.1
Tokepad,2116.95412807037,1371.6,1498.6,1498.6
Trash NFTs,3288.7680293259427,1569.8,1715.1,1715.1
UNCX Network,2685.0755897745753,1840.3,2010.6,2010.6
Umbra,3920.92656356221,3072.2,3356.6,3356.6
Union,3735.1209391947204,2492.2,2722.9,2722.9
Unitap,2411.1718904776985,1164.4,1272.2,1272.2
Unlonely,7117.351793163005,4875.5,5326.7,5326.7
Velocimeter/Graphene,6938.110257912688,5561.8,6076.6,6076.6
Velodrome Finance,100406.99919915925,95042.2,103839.2,103839.2
Vesper Finance,6126.7671993294725,3920.1,4282.9,4282.9
Virtuals Protocol,7794.069783126071,6708.0,7328.8,7328.8
WOOFi,96768.07195579518,92009.7,100526.1,100526.1
Whale,4362.641623276349,4097.8,4477.0,4477.0
Whimsical Euphoria: A White Inflatable Sheep,3920.240566845808,3500.6,3824.6,3824.6
XSwap,32680.291626368427,30485.2,33306.9,33306.9
Your Brians,4319.621273036743,2898.0,3166.3,3166.3
ZKP2P,2229.9249287528087,1206.8,1318.5,1318.5
Zerion,69498.96738226312,64612.2,70592.6,70592.6
Zerius,9414.90612818129,8600.7,9396.7,9396.7
Zeronym,55147.42734960806,48839.7,53360.3,53360.3
Zora,1394006.3094901,1334281.3,1457781.0,1457781.0
builder.fi,2068.399196931557,1356.7,1482.3,1482.3
dHEDGE,9784.23609561151,8529.2,9318.6,9318.6
deBridge,101230.24227388059,86224.2,94205.1,94205.1
doginme memecoin,10582.857044814562,10159.6,11099.9,11099.9
far.quest - Farcaster Super App,81808.72679375381,74344.5,81225.8,81225.8
fxhash,63395.77297152822,58974.8,64433.5,64433.5
iZUMi Finance,35170.47427181665,32079.3,35048.5,35048.5
pods.media,44991.49461786956,41214.8,45029.6,45029.6
sudoswap,15924.632416284217,14721.2,16083.8,16083.8
tanX - The World's Leading Institutional DEX,10100.488515185785,8382.8,9158.7,9158.7
zkBob smart contract privacy wallet,3489.2661402304993,2673.9,2921.4,2921.4
🏰 BuidlGuidl,17181.814171727525,14642.9,15998.2,15998.2
👑 King of the Degens 🎩 - Farcaster Frame Game,6868.267911334253,5816.2,6354.6,6354.6
